dataset,method,variant,n_edges,n_reads,BIC,logL
ndhB,HC,step1_all,31,1899,-6988.656,-6581.006
ndhB,HC,step2_chron,10,1899,-7619.044,-7536.004
ndhB,HC,top2,19,1899,-6863.146,-6712.165
ndhB,HC,top3,26,1899,-6883.326,-6626.657
ndhB,HC,thr0.10,12,1899,-7064.108,-6958.421
ndhB,HC,thr0.20,4,1899,-8026.405,-7962.238
ndhB,PC,step1_all,10,1899,-7243.78,-7111.671
ndhB,PC,step2_chron,5,1899,-7799.507,-7735.34
ndhB,PC,top2,8,1899,-7204.505,-7117.69
ndhB,PC,top3,9,1899,-7219.019,-7117.106
ndhB,PC,thr0.10,9,1899,-7272.352,-7147.792
ndhB,PC,thr0.20,7,1899,-7233.077,-7153.812
ndhB,LiNGAM,step1_all,45,1899,-9236.686,-6273.671
ndhB,LiNGAM,step2_chron,9,1899,-7648.388,-7569.122
ndhB,LiNGAM,top2,17,1899,-7380.462,-7240.804
ndhB,LiNGAM,top3,24,1899,-7217.869,-6972.524
ndhB,LiNGAM,thr0.10,21,1899,-7365.41,-6972.858
ndhB,LiNGAM,thr0.20,8,1899,-7604.302,-7513.713
ndhB,NOTEARS,step1_all,10,1899,-7923.512,-7817.825
ndhB,NOTEARS,step2_chron,6,1899,-7933.248,-7865.306
ndhB,NOTEARS,top2,9,1899,-7909.814,-7819.225
ndhB,NOTEARS,top3,10,1899,-7923.512,-7817.825
ndhB,NOTEARS,thr0.10,4,1899,-7906.107,-7841.94
ndhB,NOTEARS,thr0.20,3,1899,-7934.68,-7878.062
ndhB,Reference,reference,16,1899,-6682.374,-6452.127
ndhB_with_intron,HC,step1_all,47,1899,-8589.887,-7597.183
ndhB_with_intron,HC,step2_chron,12,1899,-9190.615,-9096.252
ndhB_with_intron,HC,top2,23,1899,-8664.343,-8486.94
ndhB_with_intron,HC,top3,33,1899,-8251.888,-7923.502
ndhB_with_intron,HC,thr0.10,15,1899,-8933.076,-8793.418
ndhB_with_intron,HC,thr0.20,6,1899,-9350.682,-9275.191
ndhB_with_intron,PC,step1_all,5,1899,-9848.877,-9777.161
ndhB_with_intron,PC,step2_chron,4,1899,-9847.946,-9783.779
ndhB_with_intron,PC,top2,5,1899,-9848.877,-9777.161
ndhB_with_intron,PC,top3,5,1899,-9848.877,-9777.161
ndhB_with_intron,PC,thr0.10,4,1899,-9847.946,-9783.779
ndhB_with_intron,PC,thr0.20,3,1899,-9873.377,-9812.984
ndhB_with_intron,LiNGAM,step1_all,47,1899,-11370.926,-7498.247
ndhB_with_intron,LiNGAM,step2_chron,11,1899,-9116.197,-9025.608
ndhB_with_intron,LiNGAM,top2,20,1899,-8788.125,-8629.594
ndhB_with_intron,LiNGAM,top3,26,1899,-8449.04,-8199.921
ndhB_with_intron,LiNGAM,thr0.10,13,1899,-8925.636,-8801.076
ndhB_with_intron,LiNGAM,thr0.20,6,1899,-9350.682,-9275.191
ndhB_with_intron,NOTEARS,step1_all,10,1899,-9415.615,-9306.153
ndhB_with_intron,NOTEARS,step2_chron,6,1899,-9413.848,-9342.132
ndhB_with_intron,NOTEARS,top2,9,1899,-9402.464,-9308.101
ndhB_with_intron,NOTEARS,top3,10,1899,-9415.615,-9306.153
ndhB_with_intron,NOTEARS,thr0.10,4,1899,-9403.887,-9335.946
ndhB_with_intron,NOTEARS,thr0.20,3,1899,-9416.117,-9355.724
ndhB_with_intron,Reference,reference,19,1899,-8006.089,-7745.645
ndhD,HC,step1_all,8,7752,-10980.894,-10895.815
ndhD,HC,step2_chron,4,7752,-11112.698,-11072.397
ndhD,HC,top2,7,7752,-10984.093,-10916.925
ndhD,HC,top3,8,7752,-10980.894,-10895.815
ndhD,HC,thr0.10,5,7752,-11042.964,-10993.707
ndhD,HC,thr0.20,2,7752,-11278.03,-11246.685
ndhD,PC,step1_all,8,7752,-11025.71,-10900.33
ndhD,PC,step2_chron,3,7752,-11147.588,-11111.765
ndhD,PC,top2,5,7752,-11026.345,-10972.611
ndhD,PC,top3,7,7752,-10995.922,-10906.365
ndhD,PC,thr0.10,6,7752,-11009.862,-10938.216
ndhD,PC,thr0.20,5,7752,-11026.345,-10972.611
ndhD,LiNGAM,step1_all,8,7752,-11040.422,-10915.042
ndhD,LiNGAM,step2_chron,3,7752,-11355.409,-11319.586
ndhD,LiNGAM,top2,5,7752,-11061.015,-11007.281
ndhD,LiNGAM,top3,7,7752,-11008.775,-10919.218
ndhD,LiNGAM,thr0.10,6,7752,-11009.862,-10938.216
ndhD,LiNGAM,thr0.20,3,7752,-11355.409,-11319.586
ndhD,NOTEARS,step1_all,10,7752,-11024.153,-10885.34
ndhD,NOTEARS,step2_chron,4,7752,-11127.332,-11087.032
ndhD,NOTEARS,top2,7,7752,-10984.093,-10916.925
ndhD,NOTEARS,top3,9,7752,-10994.956,-10891.965
ndhD,NOTEARS,thr0.10,4,7752,-11077.854,-11033.075
ndhD,NOTEARS,thr0.20,3,7752,-11147.588,-11111.765
ndhD,Reference,reference,5,7752,-11702.946,-11653.689
