dataset,method,variant,n_nodes,n_edges,n_ordered_pairs,coverage,n_ref_pairs,agreement_ref,step2_edge_recall
ndhB,HC,step1_all,11,31,33,0.6,19,0.421,1.0
ndhB,HC,step2_chron,11,10,24,0.436,19,0.474,1.0
ndhB,HC,top1,11,10,24,0.436,19,0.474,1.0
ndhB,HC,top2,11,19,33,0.6,19,0.421,1.0
ndhB,HC,top3,11,26,33,0.6,19,0.421,1.0
ndhB,HC,thr0.05,10,17,27,0.491,19,0.421,0.9
ndhB,HC,thr0.10,9,12,23,0.418,19,0.421,0.8
ndhB,HC,thr0.20,5,4,4,0.073,19,0.474,0.3
ndhB,PC,step1_all,8,10,10,0.357,14,0.429,1.0
ndhB,PC,step2_chron,8,5,7,0.25,14,0.5,1.0
ndhB,PC,top1,8,5,7,0.25,14,0.5,1.0
ndhB,PC,top2,8,8,10,0.357,14,0.429,1.0
ndhB,PC,top3,8,9,10,0.357,14,0.429,1.0
ndhB,PC,thr0.05,8,10,10,0.357,14,0.429,1.0
ndhB,PC,thr0.10,8,9,10,0.357,14,0.429,1.0
ndhB,PC,thr0.20,8,7,10,0.357,14,0.429,1.0
ndhB,LiNGAM,step1_all,12,45,54,0.818,19,0.526,1.0
ndhB,LiNGAM,step2_chron,12,9,28,0.424,19,0.368,1.0
ndhB,LiNGAM,top1,12,9,28,0.424,19,0.368,1.0
ndhB,LiNGAM,top2,12,17,34,0.515,19,0.421,1.0
ndhB,LiNGAM,top3,12,24,43,0.652,19,0.632,1.0
ndhB,LiNGAM,thr0.05,12,27,41,0.621,19,0.632,1.0
ndhB,LiNGAM,thr0.10,11,21,35,0.53,19,0.632,0.889
ndhB,LiNGAM,thr0.20,9,8,11,0.167,19,0.737,0.667
ndhB,NOTEARS,step1_all,8,10,13,0.464,8,0.25,1.0
ndhB,NOTEARS,step2_chron,8,6,11,0.393,8,0.25,1.0
ndhB,NOTEARS,top1,8,6,11,0.393,8,0.25,1.0
ndhB,NOTEARS,top2,8,9,13,0.464,8,0.25,1.0
ndhB,NOTEARS,top3,8,10,13,0.464,8,0.25,1.0
ndhB,NOTEARS,thr0.05,6,5,7,0.25,8,0.25,0.667
ndhB,NOTEARS,thr0.10,5,4,4,0.143,8,0.25,0.5
ndhB,NOTEARS,thr0.20,5,3,4,0.143,8,0.25,0.5
ndhB_with_intron,HC,step1_all,13,47,64,0.821,27,0.556,1.0
ndhB_with_intron,HC,step2_chron,13,12,40,0.513,27,0.593,1.0
ndhB_with_intron,HC,top1,13,12,40,0.513,27,0.593,1.0
ndhB_with_intron,HC,top2,13,23,61,0.782,27,0.556,1.0
ndhB_with_intron,HC,top3,13,33,61,0.782,27,0.556,1.0
ndhB_with_intron,HC,thr0.05,11,22,29,0.372,27,0.667,0.75
ndhB_with_intron,HC,thr0.10,10,15,24,0.308,27,0.667,0.667
ndhB_with_intron,HC,thr0.20,8,6,7,0.09,27,0.704,0.417
ndhB_with_intron,PC,step1_all,7,5,5,0.238,8,0.625,1.0
ndhB_with_intron,PC,step2_chron,7,4,5,0.238,8,0.625,1.0
ndhB_with_intron,PC,top1,7,4,5,0.238,8,0.625,1.0
ndhB_with_intron,PC,top2,7,5,5,0.238,8,0.625,1.0
ndhB_with_intron,PC,top3,7,5,5,0.238,8,0.625,1.0
ndhB_with_intron,PC,thr0.05,7,4,5,0.238,8,0.625,1.0
ndhB_with_intron,PC,thr0.10,7,4,5,0.238,8,0.625,1.0
ndhB_with_intron,PC,thr0.20,5,3,4,0.19,8,0.625,0.75
ndhB_with_intron,LiNGAM,step1_all,13,47,54,0.692,27,0.481,1.0
ndhB_with_intron,LiNGAM,step2_chron,13,11,28,0.359,27,0.852,1.0
ndhB_with_intron,LiNGAM,top1,13,11,28,0.359,27,0.852,1.0
ndhB_with_intron,LiNGAM,top2,13,20,43,0.551,27,0.556,1.0
ndhB_with_intron,LiNGAM,top3,13,26,45,0.577,27,0.519,1.0
ndhB_with_intron,LiNGAM,thr0.05,12,24,42,0.538,27,0.593,0.818
ndhB_with_intron,LiNGAM,thr0.10,10,13,29,0.372,27,0.778,0.727
ndhB_with_intron,LiNGAM,thr0.20,8,6,7,0.09,27,0.741,0.455
ndhB_with_intron,NOTEARS,step1_all,8,10,13,0.464,8,0.25,1.0
ndhB_with_intron,NOTEARS,step2_chron,8,6,13,0.464,8,0.25,1.0
ndhB_with_intron,NOTEARS,top1,8,6,13,0.464,8,0.25,1.0
ndhB_with_intron,NOTEARS,top2,8,9,13,0.464,8,0.25,1.0
ndhB_with_intron,NOTEARS,top3,8,10,13,0.464,8,0.25,1.0
ndhB_with_intron,NOTEARS,thr0.05,6,5,7,0.25,8,0.25,0.667
ndhB_with_intron,NOTEARS,thr0.10,5,4,4,0.143,8,0.25,0.5
ndhB_with_intron,NOTEARS,thr0.20,5,3,4,0.143,8,0.25,0.5
ndhD,HC,step1_all,5,8,8,0.8,9,0.444,1.0
ndhD,HC,step2_chron,5,4,8,0.8,9,0.444,1.0
ndhD,HC,top1,5,4,8,0.8,9,0.444,1.0
ndhD,HC,top2,5,7,8,0.8,9,0.444,1.0
ndhD,HC,top3,5,8,8,0.8,9,0.444,1.0
ndhD,HC,thr0.05,5,7,8,0.8,9,0.444,1.0
ndhD,HC,thr0.10,5,5,8,0.8,9,0.444,1.0
ndhD,HC,thr0.20,3,2,3,0.3,9,0.444,0.5
ndhD,PC,step1_all,5,8,8,0.8,9,0.667,1.0
ndhD,PC,step2_chron,4,3,4,0.4,9,0.667,1.0
ndhD,PC,top1,4,3,4,0.4,9,0.667,1.0
ndhD,PC,top2,4,5,6,0.6,9,0.889,1.0
ndhD,PC,top3,5,7,8,0.8,9,0.667,1.0
ndhD,PC,thr0.05,5,7,8,0.8,9,0.667,1.0
ndhD,PC,thr0.10,4,6,6,0.6,9,0.889,1.0
ndhD,PC,thr0.20,4,5,6,0.6,9,0.889,1.0
ndhD,LiNGAM,step1_all,5,8,8,0.8,9,0.556,1.0
ndhD,LiNGAM,step2_chron,4,3,4,0.4,9,0.778,1.0
ndhD,LiNGAM,top1,4,3,4,0.4,9,0.778,1.0
ndhD,LiNGAM,top2,4,5,6,0.6,9,0.778,1.0
ndhD,LiNGAM,top3,5,7,8,0.8,9,0.556,1.0
ndhD,LiNGAM,thr0.05,5,7,8,0.8,9,0.556,1.0
ndhD,LiNGAM,thr0.10,4,6,6,0.6,9,0.778,1.0
ndhD,LiNGAM,thr0.20,4,3,4,0.4,9,0.778,1.0
ndhD,NOTEARS,step1_all,5,10,10,1.0,9,0.444,1.0
ndhD,NOTEARS,step2_chron,5,4,7,0.7,9,0.444,1.0
ndhD,NOTEARS,top1,5,4,7,0.7,9,0.444,1.0
ndhD,NOTEARS,top2,5,7,8,0.8,9,0.444,1.0
ndhD,NOTEARS,top3,5,9,9,0.9,9,0.444,1.0
ndhD,NOTEARS,thr0.05,5,8,9,0.9,9,0.444,1.0
ndhD,NOTEARS,thr0.10,4,4,6,0.6,9,0.444,0.75
ndhD,NOTEARS,thr0.20,4,3,6,0.6,9,0.444,0.75
