dataset,method,variant,n_edges,n_reads,params,BIC,logL
ndhB,HC,step1_all,31,117,107,-706.6,-451.8
ndhB,HC,step2_chron,10,117,21,-575.7,-525.7
ndhB,HC,top2,19,117,39,-584.5,-491.6
ndhB,HC,top3,26,117,67,-622.1,-462.6
ndhB,HC,thr0.10,12,117,27,-575.5,-511.2
ndhB,HC,thr0.20,4,117,16,-581.6,-543.5
ndhB,PC,step1_all,10,117,31,-438.1,-364.3
ndhB,PC,step2_chron,5,117,13,-411.9,-380.9
ndhB,PC,top2,8,117,19,-412.2,-367.0
ndhB,PC,top3,9,117,23,-420.8,-366.1
ndhB,PC,thr0.10,9,117,29,-437.9,-368.9
ndhB,PC,thr0.20,7,117,17,-412.1,-371.6
ndhB,LiNGAM,step1_all,45,117,785,-2297.1,-428.0
ndhB,LiNGAM,step2_chron,9,117,21,-578.5,-528.5
ndhB,LiNGAM,top2,17,117,37,-587.3,-499.2
ndhB,LiNGAM,top3,24,117,65,-639.1,-484.4
ndhB,LiNGAM,thr0.10,21,117,104,-728.0,-480.4
ndhB,LiNGAM,thr0.20,8,117,24,-585.7,-528.6
ndhB,NOTEARS,step1_all,10,117,24,-372.2,-315.1
ndhB,NOTEARS,step2_chron,6,117,14,-354.8,-321.5
ndhB,NOTEARS,top2,9,117,20,-362.7,-315.1
ndhB,NOTEARS,top3,10,117,24,-372.2,-315.1
ndhB,NOTEARS,thr0.10,4,117,13,-351.1,-320.2
ndhB,NOTEARS,thr0.20,3,117,11,-351.0,-324.8
ndhB,Reference,reference,16,117,57,-482.2,-346.5
ndhB_with_intron,HC,step1_all,47,117,263,-1098.5,-472.2
ndhB_with_intron,HC,step2_chron,12,117,25,-639.0,-579.5
ndhB_with_intron,HC,top2,23,117,47,-657.8,-545.9
ndhB_with_intron,HC,top3,33,117,87,-712.6,-505.5
ndhB_with_intron,HC,thr0.10,15,117,37,-650.5,-562.4
ndhB_with_intron,HC,thr0.20,6,117,20,-649.8,-602.2
ndhB_with_intron,PC,step1_all,5,117,13,-384.1,-353.2
ndhB_with_intron,PC,step2_chron,4,117,11,-381.3,-355.1
ndhB_with_intron,PC,top2,5,117,13,-384.1,-353.2
ndhB_with_intron,PC,top3,5,117,13,-384.1,-353.2
ndhB_with_intron,PC,thr0.10,4,117,11,-381.3,-355.1
ndhB_with_intron,PC,thr0.20,3,117,10,-383.4,-359.6
ndhB_with_intron,LiNGAM,step1_all,47,117,1026,-2915.2,-472.2
ndhB_with_intron,LiNGAM,step2_chron,11,117,24,-648.9,-591.7
ndhB_with_intron,LiNGAM,top2,20,117,42,-655.0,-555.0
ndhB_with_intron,LiNGAM,top3,26,117,66,-681.6,-524.5
ndhB_with_intron,LiNGAM,thr0.10,13,117,33,-659.6,-581.1
ndhB_with_intron,LiNGAM,thr0.20,6,117,20,-649.8,-602.2
ndhB_with_intron,NOTEARS,step1_all,10,117,24,-372.2,-315.1
ndhB_with_intron,NOTEARS,step2_chron,6,117,14,-355.3,-322.0
ndhB_with_intron,NOTEARS,top2,9,117,20,-362.7,-315.1
ndhB_with_intron,NOTEARS,top3,10,117,24,-372.2,-315.1
ndhB_with_intron,NOTEARS,thr0.10,4,117,13,-351.1,-320.2
ndhB_with_intron,NOTEARS,thr0.20,3,117,11,-351.0,-324.8
ndhB_with_intron,Reference,reference,19,117,65,-544.4,-389.7
ndhD,HC,step1_all,8,930,19,-2404.1,-2339.1
ndhD,HC,step2_chron,4,930,9,-2402.6,-2371.8
ndhD,HC,top2,7,930,15,-2396.0,-2344.7
ndhD,HC,top3,8,930,19,-2404.1,-2339.1
ndhD,HC,thr0.10,5,930,11,-2396.4,-2358.8
ndhD,HC,thr0.20,2,930,7,-2454.3,-2430.3
ndhD,PC,step1_all,8,930,28,-2447.8,-2352.1
ndhD,PC,step2_chron,3,930,8,-2436.0,-2408.6
ndhD,PC,top2,5,930,12,-2425.3,-2384.3
ndhD,PC,top3,7,930,20,-2425.4,-2357.0
ndhD,PC,thr0.10,6,930,16,-2434.8,-2380.2
ndhD,PC,thr0.20,5,930,12,-2425.3,-2384.3
ndhD,LiNGAM,step1_all,8,930,28,-2451.4,-2355.7
ndhD,LiNGAM,step2_chron,3,930,8,-2474.9,-2447.5
ndhD,LiNGAM,top2,5,930,12,-2432.7,-2391.7
ndhD,LiNGAM,top3,7,930,20,-2431.4,-2363.0
ndhD,LiNGAM,thr0.10,6,930,16,-2434.8,-2380.2
ndhD,LiNGAM,thr0.20,3,930,8,-2474.9,-2447.5
ndhD,NOTEARS,step1_all,10,930,31,-2431.7,-2325.8
ndhD,NOTEARS,step2_chron,4,930,9,-2418.3,-2387.5
ndhD,NOTEARS,top2,7,930,15,-2396.0,-2344.7
ndhD,NOTEARS,top3,9,930,23,-2409.8,-2331.2
ndhD,NOTEARS,thr0.10,4,930,10,-2429.8,-2395.7
ndhD,NOTEARS,thr0.20,3,930,8,-2436.0,-2408.6
ndhD,Reference,reference,5,930,11,-2475.0,-2437.4
